statement,label,probability,prediction
Klagenfurt is a name of a city,1,1.0,1
Gangneung is a city in South Korea,1,0.9999,1
Salto has a population of approximately 293373,0,0.5882,1
Ariana is a city in Tunisia,1,0.5814,1
Thermo Fisher Scientific operates in the industry of healthcare equipment & services,1,0.511,1
Guelph is a city in Canada,1,0.9969,1
China is a name of a country,1,0.9999,1
China Vanke has headquarters in China,1,0.9991,1
Chizhou is a city in China,1,0.9722,1
Thane is a city in Brazil,0,0.0851,0
Juazeiro has a population of approximately 220253,1,0.5822,1
Vietnam is a name of a country,1,0.9997,1
Keelung is a name of a city,1,0.9999,1
Mitsubishi has headquarters in Japan,1,0.9446,1
Johannes Gutenberg invented the movable type printing press,1,0.9988,1
Yelets has a population of approximately 104349,1,0.5982,1
HCA Healthcare operates in the industry of Transportation,0,0.0,0
Surprise has a population of approximately 141664,1,0.5608,1
Tantalum appears in its standard state as Gas,0,0.0006,0
Mianyang is a city in China,1,0.9998,1
Reims has a population of approximately 182211,1,0.5607,1
Uzhhorod has a population of approximately 342464,0,0.561,1
Malaysia is a name of a country,1,0.9991,1
La Vega is a city in Oman,0,0.2333,0
Tencent Holdings engages in the provision of energy solutions,0,0.0049,0
Oktyabr'skiy is a city in Japan,0,0.0386,0
Xintang is a city in India,0,0.0,0
Coquitlam has a population of approximately 139284,1,0.5626,1
Wallace Carothers invented the magnetic wire recorder,0,0.2097,0
Al Mubarraz is a city in Saudi Arabia,1,0.8213,1
Lingyuan is a city in China,1,0.9995,1
Shizuishan has a population of approximately 136570,1,0.5728,1
Ethiopia is a name of a country,1,0.9993,1
Morales is a city in Guatemala,1,0.9757,1
Walmart engages in retail and wholesale business,1,0.8086,1
Banco Bradesco operates in the industry of banking,1,0.9993,1
The Earth is located in the Milky Way galaxy,1,0.9398,1
Islip is a city in United States,1,0.9892,1
Shrirampur has a population of approximately 181842,1,0.5747,1
Waterloo is a name of a city,1,0.9999,1
Moers is a name of a city,1,1.0,1
Bharuch is a city in India,1,0.3979,0
Edmonton has a population of approximately 150580,0,0.5796,1
Zhuzhou has a population of approximately 881476,0,0.5548,1
The crocodile has the atomic number of mammal,0,1e-04,0
"BlackRock is a mining company, which engages in the exploration and mining of precious base metals and ferrous metals",0,0.5666,1
LukOil operates as a holding company that engages in the provision of insurance and asset management services,0,0.0119,0
Ukraine is a name of a country,1,0.9996,1
Richard Gatling invented the flying shuttle,0,0.5484,1
Kanazawa is a name of a city,1,1.0,1
Dell Technologies operates in the industry of technology hardware & equipment,1,1e-04,0
Ramapo is a city in United States,1,0.9808,1
El Salvador is a name of a country,1,0.9986,1
Leon is a city in Spain,1,0.5783,1
Petaling Jaya is a city in Malaysia,1,1.0,1
The kangaroo has a diet of herbivore,1,0.4965,1
Sahiwal is a city in United Kingdom,0,0.0,0
Philippines is a name of a country,1,0.9992,1
Indonesia is a name of a country,1,0.9998,1
Arthur Fry lived in France,0,1e-04,0
Moshi is a name of a country,0,0.0,0
Idlib is a name of a country,0,0.0,0
Kalemie has a population of approximately 206257,1,0.5599,1
Stara Zagora is a name of a country,0,0.0,0
Dasmarinas is a name of a country,0,0.0,0
Iridium has the atomic number of 56,0,0.5025,1
Saint Helier has a population of approximately 33522,1,0.5675,1
Saudi Arabia is a name of a country,1,0.999,1
Thallium has the atomic number of 81,1,0.5496,1
Dysprosium is in the Lanthanide group,1,0.9551,1
Ping An Insurance (Group) Company of China operates in the industry of insurance,1,0.9989,1
Japan is a name of a city,0,0.0,0
Chirala is a city in Angola,0,0.1261,0
Uba has a population of approximately 113300,1,0.6038,1
The gorilla is a mammal,1,0.9982,1
Suoluntun is a city in China,1,0.5498,1
Oracle has headquarters in United States,1,0.9409,1
Philippines is a name of a country,1,0.9992,1
India is a name of a city,0,0.0,0
Bursa is a name of a city,1,1.0,1
Dasmarinas has a population of approximately 3304400,0,0.3748,0
The parrot has a diet of omnivore,1,0.5308,1
Ferraz de Vasconcelos is a city in United States,0,0.008,0
The horse has the atomic number of mollusk,0,0.0,0
Fossils provide evidence of past life on Earth,1,0.9945,1
Konya is a name of a country,0,0.0,0
Lubuklinggau is a city in Indonesia,1,0.9956,1
Spain is a name of a city,0,0.0,0
John Atanasoff invented the first electronic digital computer (prototype),1,0.6146,1
Radium is in the Nonmetal group,0,0.154,0
Alphabet operates in the industry of it software & services,1,0.214,0
Salamanca is a name of a country,0,0.0,0
Protactinium is essential for bone formation and muscle function,0,0.5545,1
China is a name of a country,1,0.9999,1
Congo (Kinshasa) is a name of a city,0,0.0,0
Gashua is a city in Nigeria,1,0.9887,1
Costa Mesa has a population of approximately 36371,0,0.5489,1
Vitsyebsk is a name of a country,0,0.0,0
"The hyena has distinctive black and white stripes, which may help deter flies and provide camouflage",0,0.5618,1
Intel operates in the industry of semiconductors,1,0.9966,1
Kremenchuk is a city in France,0,0.0,0
United States is a name of a country,1,0.9998,1
BBVA operates in the industry of banking,1,0.999,1
Sound remains stationary through various mediums,0,0.0008,0
Eastbourne has a population of approximately 182444,0,0.5562,1
China is a name of a country,1,0.9999,1
Baia Mare has a population of approximately 123738,1,0.5701,1
Morocco is a name of a country,1,0.9993,1
Mexico is a name of a country,1,0.9998,1
The walrus has a diet of carnivore,1,0.5912,1
Ondjiva is a city in Philippines,0,0.2874,0
Kefar Sava is a city in Sudan,0,0.7728,1
The cassowary has a diet of carnivore,0,0.5875,1
"The carbon cycle maintains the balance of carbon in Earth's atmosphere, oceans, and biosphere",1,0.5945,1
Brazil is a name of a country,1,0.9999,1
India is a name of a city,0,0.0,0
Kiel has a population of approximately 115583,0,0.5589,1
Mwene-Ditu is a city in China,0,0.1101,0
Douala is a name of a city,1,1.0,1
Fritz Pfleumer invented the magnetic tape,1,0.6721,1
Japan is a name of a city,0,0.0,0
India is a name of a city,0,0.0,0
Frederick G. Creed invented the AGA lighthouse,0,0.5529,1
Tasikmalaya has a population of approximately 678027,1,0.5806,1
Praseodymium has the atomic number of 36,0,0.4958,1
Eni has headquarters in Italy,1,0.9945,1
Ecuador is a name of a country,1,0.9999,1
Germany is a name of a country,1,0.9999,1
Itabira is a name of a city,1,1.0,1
Yvonne Brill lived in U.S,0,0.9855,1
Penza is a name of a city,1,1.0,1
Sandton is a name of a country,0,0.0,0
Fuzhou is a city in China,1,0.9999,1
Croatia is a name of a city,0,0.0,0
Yuba City has a population of approximately 120456,1,0.5588,1
Iran is a name of a city,0,0.0,0
John Boyd Dunlop invented the refrigeration (absorption process),0,0.5276,1
Brazil is a name of a city,0,0.0,0
UBS Group has headquarters in United States,0,0.0185,0
The elephant uses flying for locomotion,0,0.0134,0
Thai Binh has a population of approximately 1028673,0,0.588,1
Oxygen is in the Halogen group,0,0.4758,1
Jersey City is a city in United States,1,0.9995,1
Meta Platforms has headquarters in Hong Kong,0,0.7729,1
Rhenium has the atomic number of 75,1,0.5627,1
Limoges is a name of a city,1,1.0,1
Hoa Binh is a name of a country,0,0.0,0
Haiti is a name of a country,1,0.9987,1
Bhopal is a name of a country,0,0.0,0
Argentina is a name of a city,0,0.0,0
Pembroke Pines is a name of a city,1,1.0,1
Myanmar is a name of a country,1,0.9987,1
Zhanjiang is a city in Italy,0,0.0,0
Indramayu is a city in Indonesia,1,0.9806,1
Hamilton has a population of approximately 693645,1,0.5802,1
Legazpi City is a city in Canada,0,0.0094,0
Japan is a name of a country,1,0.9999,1
Laiwu is a city in China,1,0.9996,1
Porac is a city in Philippines,1,0.8237,1
Matsue is a city in Japan,1,0.9914,1
Neon has the atomic number of 63,0,0.48,1
Shanghai Pudong Development Bank has headquarters in United States,0,1e-04,0
Palikir has a population of approximately 6227,1,0.5619,1
Iwo has a population of approximately 121020,0,0.5682,1
Dzerzhinsk is a city in China,0,0.0004,0
Hejian is a city in China,1,0.9997,1
The smallest planet in the solar system is Jupiter,0,0.4746,1
Hollywood is a name of a country,0,0.0,0
Oviedo is a name of a city,1,1.0,1
Magnetism is a force that neither attracts nor repels certain materials,0,0.0014,0
Allianz engages in the provision of insurance and investment advisory services,1,0.0477,0
Volcanic eruptions destroy existing land,0,0.2467,0
Gateshead has a population of approximately 120046,1,0.5654,1
China Life Insurance has headquarters in Germany,0,0.0,0
Kaluga is a city in Russia,1,0.9991,1
Malang is a city in Indonesia,1,0.9982,1
Prokopyevsk is a city in Russia,1,0.9992,1
Padangsidempuan is a name of a country,0,0.0,0
China Shenhua Energy operates in the industry of materials,1,0.0,0
Arlington is a city in United States,1,0.9994,1
Calcium has the symbol P,0,0.0045,0
Ksar El Kebir is a city in Iraq,0,0.1589,0
Tokat is a name of a country,0,0.0,0
The bat is a mammal,1,0.0637,0
Canada is a name of a city,0,0.0,0
Henri Giffard invented the airship (non-rigid),1,0.536,1
Biysk has a population of approximately 203108,1,0.5519,1
"The giraffe has an extremely long neck, which enables it to reach leaves on tall trees",1,0.5866,1
Liaocheng has a population of approximately 114024,0,0.5919,1
Firozabad has a population of approximately 146324,0,0.5912,1
The first successful vaccine was created by Edward Jenner in 1796,1,0.6992,1
Angola is a name of a country,1,0.9997,1
"Wells Fargo engages in the discovery, development, manufacture and sale of a broad and diversified line of healthcare products",0,0.0026,0
General Motors has headquarters in Drugs & Biotechnology,0,0.0,0
China is a name of a city,0,0.0,0
Saharsa is a city in Russia,0,0.0249,0
Trier has a population of approximately 110636,1,0.5546,1
Timisoara is a city in Japan,0,0.0,0
Moller - Maersk has headquarters in Australia,0,0.0589,0
Mary Anderson invented the cotton gin,0,0.8705,1
Ishizaki has a population of approximately 946627,0,0.5762,1
Bukhara has a population of approximately 159300,0,0.6029,1
Wilmington is a name of a country,0,0.0,0
Canada is a name of a city,0,0.0,0
Sir Isaac Newton invented the reflecting telescope,1,0.5954,1
Ensenada is a city in Argentina,0,0.6384,1
France is a name of a city,0,0.0,0
Worcester is a name of a country,0,0.0,0
Hyderabad is a name of a country,0,0.0,0
Valdemar Poulsen invented the mechanical television,0,0.4732,1
Mostoles has a population of approximately 107627,0,0.5669,1
Ngerulmud is a name of a country,0,0.0,0
Baicheng is a city in India,0,0.0002,0
Terbium is in the Alkali metal group,0,0.4857,1
Huazhou has a population of approximately 147443,0,0.558,1
Neodymium appears in its standard state as Solid,1,0.374,0
Santiago is a city in Philippines,0,0.3397,0
Ribeirao Pires is a city in Brazil,1,0.998,1
Gongzhuling is a name of a country,0,0.0,0
Henry Ford lived in U.S,1,0.9908,1
Torrance has a population of approximately 143592,1,0.5603,1
Mexico is a name of a country,1,0.9998,1
Killeen has a population of approximately 258009,1,0.5617,1
South Korea is a name of a country,1,0.9996,1
United States is a name of a city,0,0.0,0
United States is a name of a country,1,0.9998,1
Rionegro is a city in Colombia,1,0.9769,1
India is a name of a city,0,0.0,0
Prudential Financial has headquarters in China,0,0.0002,0
Mazabuka has a population of approximately 5437000,0,0.5423,1
Philippines is a name of a city,0,0.0,0
Boryeong is a city in Congo (Kinshasa),0,0.4945,1
Puxi is a city in Colombia,0,0.3809,0
Iridium appears in its standard state as Solid,1,0.4454,1
Arkhangelsk is a name of a city,1,0.9999,1
Austria is a name of a city,0,0.0,0
Charles Goodyear invented the vulcanized rubber,1,0.9904,1
Gisenyi is a name of a country,0,0.0,0
Philippines is a name of a country,1,0.9992,1
Vinh Long has a population of approximately 415345,0,0.572,1
The llama has the atomic number of bird,0,0.0,0
The human brain weighs around 3 pounds,1,0.5599,1
Huambo is a city in United States,0,0.0019,0
Comets are icy celestial objects that orbit the Sun,1,0.5396,1
Airbus Group operates in the industry of Telecommunications Services,0,0.0,0
Walt Disney has headquarters in Germany,0,0.0003,0
The squirrel has a diet of omnivore,0,0.6201,1
Ecosystems exclude living organisms and their physical environment,0,0.562,1
Livorno is a city in Spain,0,1e-04,0
Shache has a population of approximately 851374,1,0.5749,1
Hyundai Motor operates in the industry of Technology,0,0.0,0
Basel has a population of approximately 177827,1,0.5644,1
Arak is a city in Iran,1,0.9691,1
United Kingdom is a name of a city,0,0.0,0
Sanofi operates in the industry of Construction,0,0.0,0
Zaporizhzhia has a population of approximately 741717,1,0.5601,1
Kyrgyzstan is a name of a city,0,0.0,0
The largest mammal in the world is the mouse,0,0.0,0
Germany is a name of a country,1,0.9999,1
Ukraine is a name of a city,0,0.0,0
Bromine has the atomic number of 35,1,0.5514,1
The cassowary has a diet of omnivore,1,0.5962,1
The chicken has a diet of herbivore,0,0.2329,0
Hippolyte Mège-Mouriès invented the mechanical refrigeration (ice-making machine),0,0.8013,1
Kazakhstan is a name of a country,1,0.9999,1
Arsenic is a toxic element used in pesticides and some alloys,1,0.2607,0
Antofagasta is a name of a country,0,0.0,0
Bezwada is a city in United States,0,0.0044,0
Cotonou is a name of a city,1,1.0,1
Indramayu has a population of approximately 123263,1,0.5643,1
Al Khums is a city in Libya,1,0.972,1
Nickel appears in its standard state as Solid,1,0.6285,1
Octopuses have three hearts,1,0.3954,0
Araure is a city in United States,0,0.34,0
Edirne is a name of a city,1,1.0,1
Macon has a population of approximately 153159,1,0.5529,1
"Caterpillar engages in the manufacture of construction and mining equipment, diesel and natural gas engines, industrial gas turbines and diesel-electric locomotives",1,0.5429,1
Japan is a name of a city,0,0.0,0
Nippon Telegraph & Telephone has headquarters in Germany,0,0.0,0
Davao is a name of a country,0,0.0,0
Lynchburg is a city in China,0,0.0012,0
Saratov has a population of approximately 845300,1,0.5911,1
IBM has headquarters in Germany,0,0.0004,0
Peru is a name of a country,1,0.9997,1
Palu is a name of a city,1,1.0,1
Catchiungo is a name of a city,1,0.9954,1
Ozamiz City is a name of a city,1,1.0,1
Apucarana is a name of a country,0,0.0,0
Carrollton is a name of a country,0,0.0,0
Germany is a name of a city,0,0.0,0
Rimini is a city in Turkey,0,0.0,0
Tychy is a city in Poland,1,0.9993,1
Al Hillah is a city in United Kingdom,0,0.0119,0
Nukus is a name of a city,1,1.0,1
Baidoa is a city in Somalia,1,0.999,1
Verizon Communications has headquarters in Japan,0,0.0073,0
Vitoria de Santo Antao has a population of approximately 129974,1,0.6122,1
Yushu has a population of approximately 1304436,1,0.5347,1
Xiping has a population of approximately 1873000,1,0.5528,1
Alec Jeffreys lived in France,0,0.0003,0
Cachoeirinha is a name of a city,1,0.9994,1
Jiangmen has a population of approximately 4630300,1,0.5625,1
Mazyr is a name of a country,0,0.0,0
Tongchuanshi is a name of a country,0,0.0,0
The Doppler effect causes the change in frequency or wavelength of a wave in relation to an observer,1,0.555,1
Marand is a name of a country,0,0.0,0
"China Petroleum & Chemical engages in the manufacture, marketing, distribution and sale of beverages, food, and snacks",0,0.0075,0
Douala is a city in India,0,1e-04,0
Bayerische Motoren Werke (BMW) engages in the manufacture and sale of automobiles and motorcycles,1,0.1833,0
Maputo is a city in Germany,0,0.0,0
Igor Sikorsky lived in U.S,0,0.986,1
Taozhou has a population of approximately 499132,1,0.5667,1
The squirrel uses walking/jumping for locomotion,1,0.6085,1
Mexico is a name of a city,0,0.0,0
`Ibri has a population of approximately 101640,1,0.5867,1
The ostrich uses running for locomotion,1,0.6005,1
Tornadoes are stationary columns of air,0,0.9117,1
Hippolyte Mège-Mouriès invented the margarine,1,0.2726,0
Nigeria is a name of a country,1,0.9997,1
Maria Telkes lived in Hungary,0,0.9506,1
Abbott Laboratories has headquarters in United States,1,0.9383,1
Nanning is a city in China,1,1.0,1
Pakistan is a name of a city,0,0.0,0
Spanish Town is a name of a country,0,0.0,0
Biruté Galdikas invented the pasteurization,0,0.4069,0
Krypton appears in its standard state as Solid,0,0.3623,0
Tabuk is a city in Congo (Kinshasa),0,0.5465,1
Behbahan is a city in Kazakhstan,0,0.0235,0
Portsmouth is a name of a country,0,0.0,0
Gainesville is a name of a city,1,1.0,1
Rainbows form when light refracts through water droplets,1,0.9198,1
Tesla operates in the industry of consumer durables,1,1.0,1
Jamaica is a name of a country,1,0.9972,1
United States is a name of a city,0,0.0,0
Thane is a city in India,1,0.878,1
El Monte is a name of a city,1,1.0,1
Human uses for salmon include food,1,0.1211,0
City of Isabela is a name of a country,0,0.0,0
John Callcott Horsley invented the Christmas card,1,0.3382,0
The koala is a mammal,1,0.9998,1
Radon is in the Lanthanide group,0,0.07,0
Chimalhuacan is a city in Mexico,1,0.9985,1
The zebra is a fast swimmer and can maintain high speeds for extended periods of time,0,0.2403,0
Abakan has a population of approximately 181709,1,0.6057,1
Siddipet is a city in Spain,0,0.0,0
Novorossiysk has a population of approximately 94403,0,0.5587,1
AT&T engages in business of product trading and business investment activities,0,0.0243,0
The sparrow has a diet of herbivore,0,0.487,1
Guilin has a population of approximately 5085500,1,0.5357,1
Biratnagar is a name of a city,1,1.0,1
China is a name of a city,0,0.0,0
Muskegon has a population of approximately 153565,1,0.5694,1
Tarakan is a city in Indonesia,1,0.9962,1
Thulium is in the Transition metal group,0,0.7545,1
Finland is a name of a country,1,0.9998,1
Rustenburg is a city in Iran,0,0.005,0
Ndola has a population of approximately 169221,0,0.5593,1
Duisburg has a population of approximately 495885,1,0.5746,1
"The zebra has distinctive black and white stripes, which may help deter flies and provide camouflage",1,0.5672,1
Graz is a city in United States,0,0.1004,0
Sagamihara has a population of approximately 722973,1,0.5865,1
Kermanshah is a name of a city,1,1.0,1
Yavatmal has a population of approximately 116551,1,0.5623,1
Manchester is a name of a city,1,1.0,1
Apple operates in the industry of technology,1,1.0,1
Sydney has a population of approximately 636776,0,0.5924,1
Strontium has the atomic number of 12,0,0.5446,1
Terbium has the symbol Ta,0,0.0002,0
Japan is a name of a country,1,0.9999,1
Khenifra is a city in China,0,0.0402,0
Yuzhno-Sakhalinsk is a name of a city,1,1.0,1
Subic is a city in Philippines,1,0.9989,1
Maputo has a population of approximately 1191613,1,0.5721,1
Wu'an has a population of approximately 443273,0,0.5839,1
Amatitlan is a city in Guatemala,1,0.9896,1
Philippines is a name of a city,0,0.0,0
Tieli is a name of a city,1,0.9996,1
Greenville is a city in United States,1,0.9996,1
The slug has the atomic number of mammal,0,0.0,0
Sylhet has a population of approximately 479837,1,0.5712,1
Toyokawa is a city in Japan,1,0.9985,1
Livorno is a name of a country,0,0.0,0
Yttrium is in the Post-transition metal group,0,0.6658,1
Angola is a name of a city,0,0.0,0
The swan uses walking for locomotion,0,0.5009,1
Thomas Savery invented the early steam engine,1,0.9861,1
Vietnam is a name of a country,1,0.9997,1
St. Louis is a city in Germany,0,0.0007,0
Wau is a city in Indonesia,0,0.8055,1
Birds can fly,1,0.9633,1
Idlib has a population of approximately 165000,1,0.5854,1
Kakamigahara is a name of a city,1,1.0,1
Puruliya is a city in India,1,0.9986,1
Hydrogen is in the Actinide group,0,0.5682,1
Gideon Sundback invented the zipper,1,0.6964,1
Osmium has the atomic number of 82,0,0.5576,1
Jiaozhou is a city in China,1,0.9988,1
Fuyang is a name of a city,1,1.0,1
China is a name of a city,0,0.0,0
La Rioja has a population of approximately 1661584,0,0.5253,1
Venezuela is a name of a city,0,0.0,0
Suwon is a name of a country,0,0.0,0
Rondonopolis is a name of a city,1,1.0,1
The fastest mammal in the world is the turtle,0,0.0003,0
Jose Maria Ezeiza has a population of approximately 600783,0,0.5575,1
Haora has a population of approximately 134440,0,0.5617,1
Brazil is a name of a city,0,0.0,0
Kuaidamao has a population of approximately 2324439,1,0.5393,1
China is a name of a city,0,0.0,0
Thorium appears in its standard state as Solid,1,0.4772,1
Philo Taylor Farnsworth invented the mechanical refrigeration (ice-making machine),0,0.79,1
Heze is a city in China,1,0.8261,1
Bulan has a population of approximately 195633,0,0.5816,1
Alchevsk is a name of a country,0,0.0,0
China is a name of a city,0,0.0,0
Hamburg is a city in Israel,0,0.0023,0
North Charleston is a name of a city,1,1.0,1
Formosa is a name of a city,1,0.9983,1
Hengnan is a city in Turkey,0,0.0003,0
Sukkur has a population of approximately 499900,1,0.5766,1
Centennial is a city in United States,1,0.9967,1
Russia is a name of a city,0,0.0,0
Maicao has a population of approximately 456000,0,0.5723,1
Luzhou has a population of approximately 4218427,1,0.5512,1
Pinghu is a city in Russia,0,0.3798,0
Russia is a name of a country,1,0.9998,1
Rudnyy is a name of a country,0,0.0,0
Tanza is a city in Philippines,1,0.927,1
Andorra la Vella has a population of approximately 165627,0,0.5591,1
Sogamoso has a population of approximately 114486,1,0.5788,1
Siping has a population of approximately 3385156,1,0.5294,1
China is a name of a country,1,0.9999,1
Uzbekistan is a name of a country,1,0.9998,1
Daly City is a name of a city,1,1.0,1
Lishui has a population of approximately 147460,0,0.5491,1
The human eye can see radio waves,0,1e-04,0
Neon appears in its standard state as Solid,0,0.0517,0
"BBVA is a banking services company, which engages in the provision of banking services to individuals, companies, and institutions",0,0.557,1
Netherlands is a name of a city,0,0.0,0
Pescara is a name of a city,1,1.0,1
Duke Energy operates in the industry of utilities,1,0.9993,1
Cheboksary has a population of approximately 489498,1,0.6115,1
China is a name of a city,0,0.0,0
Paterson is a name of a country,0,0.0,0
Fuyuan is a name of a country,0,0.0,0
Congo (Kinshasa) is a name of a city,0,0.0,0
Azare is a city in China,0,0.6127,1
Trois-Rivieres is a city in Angola,0,0.0037,0
Gallium has the symbol Ga,1,0.9975,1
Aluminum has the atomic number of 13,1,0.5723,1
Kanazawa is a city in Japan,1,1.0,1
"Human uses for iguana include pets, research",1,0.5688,1
Parepare has a population of approximately 129542,1,0.5661,1
Staten Island is a name of a country,0,0.0,0
Guadalupe has a population of approximately 215000,1,0.5846,1
Indonesia is a name of a city,0,0.0,0
The gorilla has the atomic number of amphibian,0,0.0,0
Ajmer has a population of approximately 542321,1,0.5818,1
Lead has the atomic number of 82,1,0.4983,1
South Africa is a name of a city,0,0.0,0
Dundee is a name of a city,1,1.0,1
Ping An Insurance (Group) Company of China provides commercial banking and financial services,0,0.5817,1
Kawagoe is a name of a country,0,0.0,0
"Sberbank engages in the provision of a range of property casualty insurance, life insurance, retirement products, and other financial services to commercial and individual customers",0,0.5802,1
Rwanda is a name of a country,1,0.9996,1
Malayer is a name of a country,0,0.0,0
Taizhou has a population of approximately 378203,0,0.5955,1
Pekanbaru is a city in Indonesia,1,0.9975,1
The Great Barrier Reef is located in the Atlantic Ocean,0,0.9754,1
The elephant has a habitat of grassland,0,0.5577,1
Tipitapa is a city in Brazil,0,0.7262,1
Santa Tecla has a population of approximately 135483,1,0.5804,1
Umm Qasr is a name of a city,1,1.0,1
Bismuth appears in its standard state as Gas,0,0.0023,0
The gecko has a diet of herbivore,0,0.471,1
Santa Teresa del Tuy has a population of approximately 525321,1,0.5707,1
Sir Charles Parsons lived in U.K,1,0.9983,1
John Kay lived in U.K,1,0.999,1
Slovakia is a name of a country,1,0.9998,1
Ribeirao Preto is a name of a city,1,1.0,1
China is a name of a city,0,0.0,0
Mwene-Ditu is a city in Congo (Kinshasa),1,0.7851,1
Incheon has a population of approximately 110825,0,0.5705,1
Pasuruan is a name of a country,0,0.0,0
Argentina is a name of a country,1,0.9999,1
James Dyson invented the U.S,0,0.5507,1
Nazran is a city in Russia,1,0.8024,1
"Total produces and markets fuels, natural gas and low-carbon electricity",1,0.0386,0
Rancho Cucamonga is a city in United States,1,0.9937,1
Jiutai is a name of a city,1,0.9999,1
Huadian is a city in Cuba,0,0.0452,0
Caucaia has a population of approximately 325441,1,0.5847,1
Diamonds are the hardest substance on Earth,1,0.9261,1
Subic is a name of a country,0,0.0,0
Irapuato is a name of a country,0,0.0,0
Congo (Kinshasa) is a name of a city,0,0.0,0
St. George has a population of approximately 120899,1,0.579,1
Ukraine is a name of a city,0,0.0,0
Pemba has a population of approximately 141316,1,0.5842,1
Gorontalo is a name of a city,1,0.9999,1
Barasat is a name of a country,0,0.0,0
Willis Carrier invented the air conditioning,1,0.4648,1
Zalantun is a name of a country,0,1e-04,0
Copiapo is a name of a country,0,0.0,0
Europium is used in phosphors for lighting and displays,1,0.553,1
Sweden is a name of a country,1,1.0,1
Shreveport is a name of a city,1,1.0,1
Kutaisi is a city in United Kingdom,0,0.0,0
Amadora is a city in Brazil,0,0.8964,1
Granada has a population of approximately 710210,0,0.584,1
Bradford is a name of a country,0,0.0,0
United States is a name of a city,0,0.0,0
Durham is a city in United States,1,0.9951,1
Lloyds Banking Group is a holding company that engages in the provision of financial products and services,0,0.5954,1
Indonesia is a name of a city,0,0.0,0
American International Group operates in the industry of Insurance,0,0.0689,0
Dalai has a population of approximately 1478868,0,0.5339,1
Yonago is a city in Japan,1,0.9892,1
China is a name of a country,1,0.9999,1
Mahabad is a name of a country,0,0.0,0
Poland is a name of a city,0,0.0,0
Banfora is a city in United States,0,0.0022,0
The human heart pumps blood throughout the body,1,0.9563,1
The process of pollination is harmful for plant reproduction,0,0.5806,1
Mexico is a name of a country,1,0.9998,1
Ufa is a city in Germany,0,0.0002,0
United States is a name of a country,1,0.9998,1
Sacaba is a city in Bahrain,0,0.5462,1
Ajax has a population of approximately 119677,1,0.5857,1
Changhua is a name of a city,1,1.0,1
Carlos Glidden lived in Scotland,0,0.0,0
United Parcel Service has headquarters in Japan,0,0.0113,0
Vereeniging is a city in United States,0,0.0058,0
Barasat is a city in India,1,0.9974,1
Bayawan is a name of a city,1,0.999,1
Loja has a population of approximately 170280,1,0.5692,1
Argentina is a name of a country,1,0.9999,1
Maracanau is a city in Brazil,1,0.9895,1
Japan is a name of a city,0,0.0,0
Lucapa is a name of a city,1,0.7667,1
Barclays operates as a social networking company worldwide,0,0.8172,1
The speed of light is the slowest known speed in the universe,0,0.8269,1
Kolpino is a name of a country,0,0.0,0
Metouia is a city in Iran,0,0.2285,0
Netherlands is a name of a city,0,0.0,0
Helsinki is a city in India,0,1e-04,0
Tver is a name of a country,0,0.0,0
Ximeicun has a population of approximately 1508000,1,0.5049,1
Solapur has a population of approximately 216406,0,0.577,1
Merida is a city in Venezuela,1,0.1692,0
The hamster is a mammal,1,0.9919,1
Maxixe has a population of approximately 108824,1,0.5865,1
The Amazon River is the largest river in the world by volume,1,0.7068,1
Hafnium is in the Transition metal group,1,0.7695,1
Hydrogen appears in its standard state as Solid,0,0.0101,0
Lubango has a population of approximately 776249,1,0.5644,1
Platinum appears in its standard state as Solid,1,0.5944,1
Foggia is a name of a country,0,0.0,0
China is a name of a country,1,0.9999,1
Gravity makes things fall down,1,0.3828,0
Kaunas is a name of a country,0,0.0,0
Yopal has a population of approximately 106822,1,0.5625,1
Radom is a name of a city,1,0.9999,1
Cekme has a population of approximately 547627,0,0.5752,1
City of Isabela is a city in Mexico,0,0.7631,1
Ruda Slaska is a name of a country,0,0.0,0
Birmingham is a city in United States,1,0.9336,1
Toledo has a population of approximately 114761,0,0.555,1
Brampton is a name of a country,0,0.0,0
Guanajuato has a population of approximately 194500,1,0.5595,1
Toyonaka has a population of approximately 401233,1,0.5997,1
China is a name of a country,1,0.9999,1
The planet Mars is named after the Roman god of war,1,0.9308,1
Itochu operates in the industry of Transportation,0,0.0,0
The dog has the atomic number of bird,0,0.0,0
The smallest planet in our solar system is Mercury,1,0.6998,1
Torshavn has a population of approximately 181000,0,0.565,1
Peshawar is a city in Argentina,0,1e-04,0
The human lymphatic system helps fight infections and diseases,1,0.5379,1
Tres Lagoas has a population of approximately 302858,0,0.5565,1
Procter & Gamble operates in the industry of household & personal products,1,0.9995,1
The Earth is round,1,0.8526,1
Nantou is a city in Taiwan,1,0.9988,1
Brest is a city in Brazil,0,0.0468,0
The elephant has a habitat of terrestrial,1,0.7679,1
Reliance Industries has headquarters in Canada,0,0.0015,0
Callao has a population of approximately 1129854,1,0.5871,1
Yangzhou is a name of a country,0,0.0,0
Russia is a name of a city,0,0.0,0
Paramaribo is a city in China,0,0.0,0
Oracle operates in the industry of Consumer Durables,0,1.0,1
The gazelle has distinctive orange and black stripes and is an apex predator,0,0.5908,1
China is a name of a country,1,0.9999,1
VINCI operates in the industry of construction,1,0.0004,0
Sacramento is a name of a city,1,0.9999,1
Bremerhaven is a name of a country,0,0.0,0
Manzanillo is a name of a country,0,0.0,0
Quanzhou is a city in Iran,0,0.1071,0
Mexico is a name of a country,1,0.9998,1
The fastest car in the world is made of cardboard,0,0.0011,0
Thulium is used in lasers and medical imaging,1,0.3978,0
Hachinohe is a name of a city,1,1.0,1
Narita has a population of approximately 130689,1,0.6241,1
Israel is a name of a country,1,0.9995,1
Rock Hill is a city in China,0,0.0077,0
Jamshedpur is a city in India,1,0.9969,1
"The tiger is known for its agility and ability to kill venomous snakes, and has a thick coat to protect against bites",0,0.1275,0
Kitwe is a name of a city,1,0.9999,1
Munich is a name of a city,1,0.9994,1
The crocodile is a reptile,1,0.9997,1
Bayerische Motoren Werke (BMW) has headquarters in Australia,0,1e-04,0
Cavite City has a population of approximately 100674,1,0.6336,1
Dhamar is a city in Austria,0,0.0009,0
Teresina is a name of a city,1,1.0,1
The study of heredity and the variation of inherited characteristics is called genetics,1,0.9681,1
Quezon is a name of a country,0,0.0,0
Gulbarga is a name of a country,0,0.0,0
Abbott Laboratories has headquarters in Germany,0,0.0003,0
Neftekamsk has a population of approximately 126805,1,0.6081,1
Skopje is a city in Philippines,0,0.0015,0
Mannheim has a population of approximately 309721,1,0.561,1
Toyama has a population of approximately 2913024,0,0.555,1
Damascus is a city in Syria,1,0.9999,1
Savannah has a population of approximately 5319028,0,0.5566,1
Poly Developments & Holdings Group has headquarters in United States,0,0.5211,1
Colombia is a name of a city,0,0.0,0
Xuqiaocun is a city in Mexico,0,0.0,0
Pyeongtaek is a city in South Korea,1,0.9999,1
Zapopan has a population of approximately 1476491,1,0.5391,1
Kabankalan is a city in Bangladesh,0,0.1299,0
Ikare is a name of a country,0,0.0,0
Bismuth has the symbol La,0,0.0009,0
Delft is a name of a city,1,1.0,1
Uruguay is a name of a country,1,0.9993,1
The deer has the atomic number of bird,0,0.0,0
Potassium is in the Actinide group,0,0.6182,1
Fredericksburg is a city in United States,1,0.9993,1
Lucheng is a city in China,1,0.9892,1
Lucena is a name of a country,0,0.0,0
Regensburg is a city in Germany,1,1.0,1
United States is a name of a country,1,0.9998,1
Bratsk has a population of approximately 231602,1,0.6021,1
Ukraine is a name of a country,1,0.9996,1
Porto-Novo is a city in Benin,1,0.8839,1
Arica is a name of a country,0,0.0,0
Saugor is a city in India,1,0.0826,0
Water is useless for life,0,0.5493,1
Pakdasht is a name of a country,0,0.0,0
Petaling Jaya is a name of a city,1,1.0,1
Iwaki is a name of a city,1,1.0,1
Bukavu is a city in Congo (Kinshasa),1,0.8485,1
Charleston has a population of approximately 138706,1,0.5687,1
China is a name of a city,0,0.0,0
Yangjiang is a city in Japan,0,0.0018,0
Fubon Financial has headquarters in Taiwan,1,0.9051,1
"Human uses for leopard include conservation, research, zoos",1,0.5061,1
Venezuela is a name of a country,1,0.9996,1
Zurich Insurance engages in the provision of commercial banking and financial services,0,0.5477,1
Thomas Wedgwood lived in U.K,1,0.9987,1
Dysprosium has the symbol U,0,0.0031,0
St. Paul has a population of approximately 308096,1,0.5708,1
Baishan has a population of approximately 113825,0,0.562,1
Ulanhot is a name of a country,0,0.0,0
Mohammad Shahr has a population of approximately 580000,0,0.5713,1
United States is a name of a country,1,0.9998,1
Chuzhou has a population of approximately 3937868,1,0.5263,1
Tolyatti is a city in Indonesia,0,0.0002,0
Islamabad is a city in India,1,0.0002,0
Carmona is a name of a city,1,0.9999,1
Baigou is a name of a city,1,0.9999,1
Oldenburg is a city in United States,0,0.7364,1
Fort Smith is a city in China,0,0.0004,0
Poly Developments & Holdings Group has headquarters in China,1,0.6523,1
Noksan is a name of a country,0,0.0,0
Horlivka is a city in China,0,0.0,0
Deltona is a city in Cambodia,0,0.0002,0
Cam Ranh has a population of approximately 125311,1,0.5799,1
Bhadreswar is a city in Taiwan,0,0.0357,0
Charles Francis Jenkins invented the gasoline-powered automobile,0,0.3572,0
Hyundai Motor has headquarters in South Korea,1,0.9988,1
Toyohashi has a population of approximately 371507,1,0.5689,1
The strongest force in the universe is water,0,0.0019,0
Sierra Leone is a name of a city,0,0.0,0
The seagull has webbed feet for swimming and can drink both fresh and saltwater,1,0.3388,0
La Paz is a name of a city,1,0.9997,1
Guihulngan is a city in United States,0,0.0006,0
Liancheng is a city in China,1,0.9992,1
Mary Walton lived in France,0,0.0025,0
Butuan is a name of a country,0,0.0,0
United States is a name of a country,1,0.9998,1
Nigeria is a name of a city,0,0.0,0
West Bromwich is a name of a city,1,0.9983,1
Biskra has a population of approximately 102012,0,0.5642,1
The koala has a diet of herbivore,1,0.5569,1
China is a name of a country,1,0.9999,1
Blantyre is a name of a city,1,1.0,1
Lead has the atomic number of 31,0,0.5563,1
Araruama has a population of approximately 112008,1,0.5734,1
Torun has a population of approximately 801940,0,0.565,1
Venezuela is a name of a city,0,0.0,0
Encheng is a city in China,1,0.8096,1
Delft is a city in Philippines,0,0.0502,0
China is a name of a country,1,0.9999,1
United States is a name of a city,0,0.0,0
Heinrich Göbel invented the early incandescent light bulb,1,0.6334,1
Francium is in the Halogen group,0,0.597,1
Turkey is a name of a city,0,0.0,0
Kumamoto is a name of a country,0,0.0,0
Erbium appears in its standard state as Gas,0,0.0011,0
The porcupine has a habitat of marine,0,0.0007,0
Gaomi is a name of a city,1,1.0,1
David Schwarz lived in Croatia,1,0.0028,0
"Ytterbium is used in lasers, atomic clocks, and some solar cells",1,0.4239,0
Jyvaskyla is a name of a city,1,1.0,1
Fubon Financial engages in the provision of financial services,1,0.5381,1
United Kingdom is a name of a city,0,0.0,0
Japan is a name of a city,0,0.0,0
The cheetah uses running for locomotion,1,0.5725,1
Mercedes-Benz Group operates in the industry of Aerospace & Defense,0,0.0239,0
Cherepovets is a name of a city,1,1.0,1
Vladimir is a city in Israel,0,0.0008,0
Chile is a name of a city,0,0.0,0
United States is a name of a country,1,0.9998,1
"Human uses for tapir include conservation, research, zoos",1,0.4437,0
"Human uses for cassowary include conservation, research, zoos",1,0.532,1
"The study of the Earth's physical structure, processes, and history is called geology",1,0.9708,1
Zhaodong is a city in China,1,0.9998,1
Zaozhuang has a population of approximately 423927,0,0.5733,1
The shark uses wading for locomotion,0,0.3478,0
The aardvark uses walking for locomotion,1,0.7527,1
China is a name of a country,1,0.9999,1
Beihai is a city in China,1,0.9998,1
The human endocrine system produces hormones that regulate various bodily functions,1,0.6691,1
Bryansk has a population of approximately 111824,0,0.5907,1
Uranium appears in its standard state as Gas,0,0.0142,0
Ksar El Kebir is a city in Morocco,1,0.9939,1
Thu Duc is a city in Nepal,0,0.0,0
Russia is a name of a country,1,0.9998,1
Japan is a name of a country,1,0.9999,1
Porac has a population of approximately 140751,1,0.5861,1
France is a name of a city,0,0.0,0
Salem is a name of a city,1,0.9999,1
Drug is a city in Brazil,0,0.5332,1
Veraval is a city in India,1,0.9764,1
The cat has the atomic number of bird,0,0.0,0
Quy Nhon has a population of approximately 120919,0,0.5705,1
The hippopotamus has a habitat of domestic/urban,0,0.0026,0
Hans Lippershey invented the refracting telescope,1,0.9478,1
RBC engages in the provision of financial services,0,0.4925,1
Suzano is a name of a city,1,0.9986,1
Dasmarinas is a name of a city,1,0.9998,1
Chromium appears in its standard state as Gas,0,0.0021,0
Arnavutkoy is a city in Turkey,1,0.9324,1
Nema has a population of approximately 346115,0,0.5793,1
Robert Chesebrough invented the roll film,0,0.6717,1
Tarapoto is a name of a city,1,1.0,1
Zhuhai is a name of a city,1,1.0,1
Monteria has a population of approximately 174051,0,0.5534,1
Hwasu-dong is a city in South Korea,1,0.9999,1
Chlorine is essential for muscle and nerve function and is highly reactive with water,0,0.6924,1
Berkane is a city in Algeria,0,0.9557,1
Longtian is a city in Canada,0,0.149,0
The Coriolis effect prevents the movement of large-scale weather systems,0,0.4445,0
Majene is a city in Spain,0,0.1643,0
Chile is a name of a city,0,0.0,0
Ibague is a name of a country,0,0.0,0
Mozambique is a name of a city,0,0.0,0
Radioactive decay occurs when unstable atomic nuclei release energy in the form of radiation,1,0.6851,1
Antsirabe has a population of approximately 393294,0,0.581,1
Palladium has the atomic number of 45,0,0.5178,1
Genoa is a city in Italy,1,1.0,1
The lion has a diet of carnivore,1,0.8065,1
Saidpur is a city in Bangladesh,1,0.9586,1
Malungun is a city in Philippines,1,0.8505,1
PepsiCo has headquarters in Australia,0,0.2393,0
Salatiga is a name of a country,0,0.0,0
Ghardaia is a name of a city,1,1.0,1
Joseph Swan lived in Austrian Empire (modern-day Croatia)/U.S,0,0.5843,1
Mbandaka is a city in South Korea,0,0.0,0
Wuyishan has a population of approximately 238000,1,0.5658,1
Ruda Slaska is a name of a city,1,0.9999,1
Osmium is in the Post-transition metal group,0,0.5973,1
Maracaibo is a name of a country,0,1e-04,0
Norzagaray is a name of a country,0,0.0,0
United States is a name of a city,0,0.0,0
Nicaragua is a name of a city,0,0.0,0
Siem Reap has a population of approximately 147866,1,0.5631,1
Bankura is a city in Iran,0,0.0133,0
Salta is a city in Pakistan,0,0.4622,1
Chang'an is a city in China,1,1.0,1
Mokpo is a name of a country,0,0.0,0
Samsun is a name of a city,1,0.9999,1
Tottori has a population of approximately 403063,0,0.5568,1
Hejian is a name of a country,0,0.0,0
Tajimi is a city in Japan,1,0.9735,1
China is a name of a city,0,0.0,0
Argentina is a name of a country,1,0.9999,1
"Human uses for bison include conservation, research, zoos",0,0.3791,0
Wells Fargo operates in the industry of banking,1,0.9986,1
China is a name of a country,1,0.9999,1
Mitsubishi UFJ Financial Group operates in the industry of banking,1,0.9859,1
Kosice is a city in Slovakia,1,1.0,1
Guinea is a name of a country,1,0.9988,1
Seversk is a city in Russia,1,0.9788,1
Bromine has the symbol Br,1,0.9998,1
Japan is a name of a city,0,0.0,0
Papua New Guinea is a name of a country,1,0.9997,1
France is a name of a country,1,1.0,1
The Earth's atmosphere is composed mostly of helium and carbon dioxide,0,0.4989,1
Ar Ramadi has a population of approximately 341195,0,0.6315,1
Coimbra is a city in Pakistan,0,0.0,0
Japan is a name of a country,1,0.9999,1
Germany is a name of a city,0,0.0,0
College Station is a name of a country,0,0.0,0
Antwerp has a population of approximately 529247,1,0.5663,1
Strontium appears in its standard state as Gas,0,0.0017,0
The bat uses flying for locomotion,1,0.5528,1
Iran is a name of a country,1,0.9996,1
Conjeeveram is a name of a country,0,0.0,0
Kota Kinabalu is a name of a city,1,1.0,1
Zamora is a name of a country,0,0.0,0
"Moller - Maersk engages in shipping, energy, transportation, offshore drilling, and retail activities",1,0.1577,0
Al Qatif is a city in Russia,0,0.0,0
Philippines is a name of a city,0,0.0,0
The largest animal in the world is the rhinoceros,0,0.0103,0
Brussels is a name of a country,0,0.0045,0
Bhusaval is a name of a city,1,1.0,1
Coca-Cola operates in the industry of Oil & Gas Operations,0,0.0,0
United Kingdom is a name of a country,1,0.9996,1
Lincoln is a name of a country,0,0.0,0
Malayer is a city in Vietnam,0,0.0007,0
"Japan Post Holdings Japan Post Holdings Co., Ltd. manages its group companies that are engaged in postal, banking, and insurance businesses",1,0.8909,1
The seagull has a diet of omnivore,1,0.5962,1
Georges Claude lived in France,1,0.9972,1
Spain is a name of a city,0,0.0,0
China is a name of a country,1,0.9999,1
Lebanon is a name of a city,0,0.0007,0
Brazil is a name of a country,1,0.9999,1
Pekalongan is a name of a city,1,1.0,1
Al Khmissat is a name of a country,0,0.0,0
Ra's al Khaymah is a city in United Arab Emirates,1,0.9885,1
"Meta Platforms operates in the industry of Food, Drink & Tobacco",0,0.0,0
Riverside is a city in Greece,0,0.311,0
China is a name of a country,1,0.9999,1
Canada is a name of a city,0,0.0,0
Turkey is a name of a city,0,0.0,0
"BNP Paribas is a financial services company, which engages in the provision of a wide range of banking and financial services",0,0.7758,1
The Earth's magnetic field is what causes compasses to point south,0,0.5812,1
Guilin is a city in China,1,1.0,1
Az Zarqa' is a name of a country,0,0.0,0
France is a name of a country,1,1.0,1
American Express has headquarters in United States,1,0.9991,1
Ada Lovelace invented the programming language (theoretical),1,0.3489,0
Germany is a name of a country,1,0.9999,1
Chromium has the atomic number of 24,1,0.5511,1
Vietnam is a name of a city,0,0.0,0
Fluorine has the atomic number of 29,0,0.5496,1
Enel has headquarters in Netherlands,0,0.0244,0
China is a name of a city,0,0.0,0
Ratlam has a population of approximately 273892,1,0.5767,1
The bat has a habitat of various,1,0.5774,1
Puyang has a population of approximately 3598740,1,0.5322,1
Pali has a population of approximately 229956,1,0.5243,1
Baishan is a city in China,1,0.9867,1
Elazig is a city in France,0,0.0016,0
Ban Bang Pu Mai is a name of a city,1,0.9998,1
Potosi is a name of a city,1,1.0,1
Mahbubnagar is a name of a city,1,1.0,1
Xichang is a city in China,1,0.9997,1
India is a name of a city,0,0.0,0
Greeley is a city in India,0,0.0002,0
Kusatsu is a name of a country,0,0.0,0
Palembang is a name of a country,0,0.0,0
Gaoping is a name of a city,1,0.9996,1
Bazhou is a name of a country,0,0.0,0
The jellyfish uses walking/swimming for locomotion,0,0.5931,1
Joseph Bramah lived in U.K,1,0.9511,1
Pakistan is a name of a country,1,0.9999,1
North Korea is a name of a country,1,0.9996,1
Argentina is a name of a city,0,0.0,0
Lexington is a name of a city,1,1.0,1
The platypus has a habitat of freshwater,1,0.8271,1
Russia is a name of a country,1,0.9998,1
Zakhu is a city in Iraq,1,0.9399,1
Valledupar has a population of approximately 544134,1,0.559,1
The snake has a diet of herbivore,0,0.2593,0
Hans Goldschmidt invented the thermite process,1,0.1145,0
Rampur is a name of a city,1,1.0,1
Almirante Tamandare is a city in Brazil,1,0.9931,1
Zinc is an essential trace element in living organisms and is used to strengthen steel,0,0.2004,0
Angola is a name of a city,0,0.0,0
The rhinoceros has a habitat of marine,0,0.0,0
Xingren has a population of approximately 163991,0,0.5726,1
Mingguang is a name of a country,0,0.0,0
Paul Gottlieb Nipkow invented the electromagnetism discovery,0,0.051,0
Sony has headquarters in United States,0,0.7501,1
Canada is a name of a country,1,1.0,1
Nanchong is a name of a country,0,0.0,0
Zoetermeer is a name of a city,1,1.0,1
Danaher operates in the industry of Chemicals,0,0.0,0
The moose is a mammal,1,0.9984,1
"Honda Motor engages in the manufacture and sale of automobiles, motorcycles and power products",1,0.3377,0
Anqing has a population of approximately 173089,0,0.5933,1
Ichikawa is a name of a city,1,1.0,1
Varginha is a name of a country,0,0.0,0
"HCA Healthcare is a health care services company, which engages in operating hospitals, freestanding surgery centers and emergency rooms, and urgent care centers",1,0.2546,0
Daniel Fahrenheit lived in Poland/Germany,1,0.655,1
The camel uses walking for locomotion,1,0.5929,1
Dezhou is a name of a country,0,0.0,0
Brazil is a name of a city,0,0.0,0
Corpus Christi is a city in United States,1,0.9986,1
Cerium forms more compounds than any other element,0,0.4496,1
Rach Gia has a population of approximately 250660,1,0.627,1
"Barclays operates as a bank holding company that engages in the business of providing retail banking, credit cards, corporate and investment banking and wealth management services",1,0.5355,1
Gabela is a city in China,0,0.0891,0
Philippines is a name of a city,0,0.0,0
Somalia is a name of a country,1,0.9966,1
Tunisia is a name of a country,1,0.9998,1
Weifang has a population of approximately 1184788,0,0.5451,1
China is a name of a city,0,0.0,0
Oshawa is a name of a city,1,1.0,1
Chromium is used in stainless steel and as a decorative plating,1,0.3279,0
The bat has a habitat of grassland,0,0.2135,0
Glencore has headquarters in Switzerland,1,0.9715,1
The moon is made of cheese,0,0.0,0
The dog has a diet of omnivore,1,0.4826,1
China is a name of a city,0,0.0,0
Norzagaray is a city in Philippines,1,0.9164,1
Thallium has the symbol Sr,0,0.0,0
Hans von Ohain lived in Canada,0,0.1117,0
San Rafael is a city in China,0,0.0105,0
Calcium is a toxic element used in pesticides and some alloys,0,0.2489,0
China is a name of a country,1,0.9999,1
Thomas Savery lived in U.K,1,0.9581,1
Indonesia is a name of a city,0,0.0,0
Côte d'Ivoire is a name of a city,0,0.0,0
United States is a name of a country,1,0.9998,1
Saidu Sharif is a name of a city,1,0.9998,1
Bhilwara is a name of a country,0,0.0,0
The process by which cells divide to form two identical daughter cells is called mitosis,1,0.9479,1
The llama has thick wool for insulation and can spit when threatened or annoyed,1,0.5254,1
Rotherham is a city in United Kingdom,1,0.9999,1
Kingsport is a name of a country,0,0.0,0
Pakistan is a name of a country,1,0.9999,1
"The sparrow has thick skin and one or two horns made of keratin, and is often targeted by poachers for its horn",0,0.1614,0
There are no specific human uses for frog,1,0.5147,1
Titanium appears in its standard state as Solid,1,0.7192,1
United Kingdom is a name of a city,0,0.0,0
"The Eiffel Tower is located in Paris, France",1,0.9999,1
Fangchenggang is a city in Chile,0,0.1289,0
Kashiwa is a name of a country,0,0.0,0
Jakarta is a name of a country,0,0.0005,0
Colombia is a name of a country,1,0.9999,1
"Munich Reinsurance engages in the discovery, development, manufacture and sale of a broad and diversified line of healthcare products",0,0.0005,0
The Statue of Liberty is located in Tokyo,0,0.0,0
Pervouralsk is a city in Russia,1,0.8921,1
"Human uses for alpaca include wool, meat, pets",1,0.5554,1
Dushanbe is a name of a city,1,0.9999,1
Tours is a city in Philippines,0,0.9055,1
Ford Motor operates in the industry of Chemicals,0,0.0,0
The parrot has a habitat of coastal,0,0.1824,0
Tencent Holdings operates in the industry of it software & services,1,0.2067,0
Syracuse has a population of approximately 404223,1,0.5635,1
The shortest distance between two points is a curve,0,0.0024,0
The Sahara is the smallest hot desert,0,0.9675,1
Port Moresby is a city in Germany,0,0.0,0
Suzhou is a name of a city,1,1.0,1
Frederick is a city in India,0,0.0111,0
Russia is a name of a city,0,0.0,0
The planet Venus is the hottest planet in our solar system,1,0.8013,1
Hippolyte Mège-Mouriès lived in U.S,0,0.0041,0
Brandon is a name of a city,1,0.9968,1
Russia is a name of a country,1,0.9998,1
Eskisehir has a population of approximately 887399,0,0.5791,1
Mexico is a name of a country,1,0.9998,1
Sibu has a population of approximately 247995,1,0.5849,1
Takarazuka is a name of a country,0,0.0,0
Hafnium appears in its standard state as Solid,1,0.7447,1
Puerto Vallarta is a city in Philippines,0,0.591,1
Saginaw has a population of approximately 117958,1,0.5724,1
"PetroChina engages in the petroleum related products, services and activities",1,0.4911,1
Indonesia is a name of a city,0,0.0,0
Italy is a name of a country,1,0.9998,1
"Target is a holding company, which engages in the provision of financial services",0,1e-04,0
"Zurich Insurance is a holding company, which engages in the provision of insurance products and related services",1,0.5941,1
The aardvark has a diet of omnivore,0,0.692,1
Selenium has the symbol Se,1,0.9971,1
Nitrogen has the atomic number of 7,1,0.527,1
Welkom has a population of approximately 431944,1,0.5641,1
Limbe is a city in China,0,0.0193,0
United States is a name of a city,0,0.0,0
La Romana is a name of a city,1,1.0,1
China is a name of a country,1,0.9999,1
Broadcom has headquarters in United States,1,0.9336,1
Philippines is a name of a city,0,0.0,0
Herbert Akroyd Stuart invented the hot bulb engine,1,0.2201,0
Mexico is a name of a city,0,0.0,0
Kindia is a city in Guinea,1,0.9197,1
Kokubunji is a name of a country,0,0.0,0
Cienaga is a name of a country,0,0.0,0
Galati has a population of approximately 249432,1,0.5871,1
Guangzhou has a population of approximately 101659,0,0.5652,1
Merck & Co. engages in the provision of banking and financial services,0,0.0051,0
Gomez Palacio is a city in Mexico,1,0.549,1
Plate tectonics shape the Earth's surface,1,0.4837,1
Sao Paulo has a population of approximately 297284,0,0.5437,1
Punto Fijo is a city in Malaysia,0,1e-04,0
Bratislava is a city in Sudan,0,0.0011,0
The walrus has a habitat of polar,1,0.8809,1
Thomas Wedgwood lived in Finland,0,0.0,0
Koudougou is a name of a city,1,1.0,1
"IBM engages in the exploration, mining, and processing of mineral resources",0,0.3282,0
Hans Goldschmidt invented the refracting telescope,0,0.7143,1
Poland is a name of a country,1,0.9999,1
Siemens operates in the industry of Oil & Gas Operations,0,0.0,0
Leganes is a name of a city,1,0.9999,1
Murmansk is a name of a city,1,0.9998,1
Yachiyo is a city in China,0,0.2026,0
United States is a name of a city,0,0.0,0
The alpaca has a habitat of various,0,0.5748,1
"China Citic Bank produces and markets fuels, natural gas and low-carbon electricity",0,0.0159,0
Lockheed Martin has headquarters in United States,1,0.9989,1
The boiling point of water decreases as altitude increases,1,0.5032,1
Enel engages in the electricity generation and distribution and distribution of natural gas,1,0.0706,0
Costco Wholesale engages in the operation of membership warehouses,1,0.6132,1
Arden-Arcade is a name of a city,1,0.9994,1
Kaduna is a name of a city,1,0.9987,1
Kano is a city in Norway,0,0.0012,0
Chau Doc has a population of approximately 157298,1,0.5584,1
Gonzalez Catan is a name of a country,0,0.0,0
India is a name of a country,1,0.9999,1
Novara is a city in Italy,1,0.9996,1
Argentina is a name of a city,0,0.0,0
Cleveland has a population of approximately 150000,0,0.5861,1
Leipzig is a name of a country,0,0.0,0
Frederick Walton invented the linoleum,1,0.1145,0
Kinshasa is a name of a city,1,0.9997,1
Neon is in the Noble gas group,1,0.4623,1
Netherlands is a name of a country,1,0.9999,1
Japan is a name of a city,0,0.0,0
Al Faw is a city in Iraq,1,0.9128,1
The zebra has a habitat of farmland,0,0.0285,0
U.S. Bancorp engages in the manufacture and sale of motor vehicles and parts,0,0.0077,0
Argon has the atomic number of 12,0,0.5657,1
Selenium is an essential trace element used in photovoltaic cells and glass production,1,0.538,1
Guanare is a name of a city,1,0.9999,1
Amazon.com has headquarters in Italy,0,1e-04,0
Resende is a city in South Korea,0,0.0027,0
Lahad Datu is a city in Malaysia,1,0.993,1
ENGIE engages in the provision of banking and financial services,0,0.0023,0
Praia is a name of a country,0,0.0,0
Arthur Fry invented the Phonautograph,0,0.7521,1
An adult human has 32 teeth,1,0.2967,0
Sinuiju has a population of approximately 352000,1,0.5609,1
Bhavnagar is a name of a city,1,1.0,1
Alec Jeffreys lived in U.K,1,0.9909,1
Disuq is a city in Germany,0,0.2315,0
Vietnam is a name of a country,1,0.9997,1
Gallium appears in its standard state as Solid,1,0.6628,1
Sungai Petani has a population of approximately 13819000,0,0.546,1
Iraq is a name of a country,1,0.9991,1
Torbat-e Heydariyeh is a name of a city,1,1.0,1
Almeria is a name of a city,1,0.9983,1
Japan is a name of a country,1,0.9999,1
The study of the Earth's core beyond Earth's atmosphere is called geoastronomy,0,0.0276,0
Cuddapah is a name of a city,1,1.0,1
Tebessa is a name of a city,1,0.9998,1
China is a name of a country,1,0.9999,1
Philippines is a name of a city,0,0.0,0
Antananarivo is a city in Russia,0,0.0,0
The rhinoceros has a diet of omnivore,0,0.5836,1
Procter & Gamble operates in the industry of Diversified Financials,0,0.0006,0
Asansol is a name of a city,1,1.0,1
Xiaoganzhan is a name of a city,1,0.9999,1
Vryheid has a population of approximately 150012,1,0.5611,1
Nanterre has a population of approximately 230100,0,0.5781,1
Narasaraopet is a name of a country,0,0.0,0
"Deere & Company engages in the manufacturing and distribution of equipment used in agriculture, construction, forestry, and turf care",1,0.4975,1
Koriyama is a name of a country,0,0.0,0
Ha'il is a city in Saudi Arabia,1,0.9885,1
Bellingham is a city in Malaysia,0,0.0227,0
Khimki is a name of a country,0,0.0,0
Brazil is a name of a country,1,0.9999,1
Cilegon is a name of a city,1,0.9996,1
Enbridge engages in the provision of gas and oil businesses,1,0.4613,1
Dhanbad is a city in Philippines,0,0.0,0
Colombia is a name of a city,0,0.0,0
Haarlem is a name of a city,1,1.0,1
Rostock is a name of a country,0,0.0,0
Niagara Falls is a name of a city,1,0.9413,1
"The frog is known for its agility and can climb steep terrain, and has a rectangular pupil",0,0.5674,1
Robert Chesebrough invented the Vaseline,1,0.0814,0
Édouard-Léon Scott de Martinville invented the Phonautograph,1,0.9555,1
Panama City is a name of a country,0,0.5949,1
Kota Kinabalu has a population of approximately 452058,1,0.5519,1
The panda has a habitat of mountain bamboo forest,1,0.9208,1
Iridium has the symbol Fe,0,0.0003,0
Batumi has a population of approximately 935977,0,0.5782,1
Chabahar is a city in China,0,0.0,0
Portugal is a name of a country,1,0.9993,1
Quilengues has a population of approximately 283004,0,0.577,1
"The four fundamental forces of nature are anti-gravity, anti-electromagnetism, the weak nuclear force, and the strong nuclear force",0,0.9306,1
Chaohucun has a population of approximately 782000,1,0.5619,1
Sakura is a city in Japan,1,0.9966,1
United States is a name of a city,0,0.0,0
Blitar is a name of a city,1,1.0,1
China is a name of a country,1,0.9999,1
Morocco is a name of a country,1,0.9993,1
Stephanie Kwolek invented the co-discovery of HIV,0,0.0002,0
The raccoon has a diet of omnivore,1,0.741,1
Reggio Emilia has a population of approximately 171944,1,0.5747,1
India is a name of a city,0,0.0,0
Kure has a population of approximately 110937,0,0.5832,1
Tunis is a city in Tunisia,1,0.9999,1
Yuncheng has a population of approximately 580097,0,0.5749,1
Ratlam is a city in India,1,0.8166,1
Al Mukalla has a population of approximately 144137,1,0.5632,1
Hans Oersted invented the electromagnetism discovery,1,0.9493,1
Neon appears in its standard state as Gas,1,0.0529,0
Hiroshima has a population of approximately 417059,0,0.5636,1
Shaoyang has a population of approximately 108909,0,0.5687,1
Huainan has a population of approximately 2333896,1,0.5376,1
Latina has a population of approximately 126470,1,0.5892,1
Japan is a name of a city,0,0.0,0
Samarinda is a name of a city,1,0.9999,1
Kochi is a name of a country,0,0.0,0
Rijeka is a name of a country,0,0.0,0
Philippines is a name of a city,0,0.0,0
Poland is a name of a city,0,0.0,0
Sincelejo has a population of approximately 286716,1,0.5781,1
Hamamatsu is a city in Japan,1,0.9997,1
Guasave is a city in Russia,0,0.0002,0
Pingdu has a population of approximately 118169,0,0.5811,1
Yvonne Brill invented the U.S,1,0.9284,1
Czechia is a name of a country,1,0.9993,1
Myanmar is a name of a country,1,0.9987,1
Norfolk Island is a name of a country,1,0.019,0
Santa Maria is a name of a city,1,0.9999,1
China is a name of a city,0,0.0,0
Ciudad Madero is a city in Mexico,1,0.9595,1
Ikare is a city in Nigeria,1,0.9627,1
Puri has a population of approximately 105393,0,0.5809,1
Tongchuan has a population of approximately 429612,0,0.5617,1
Eugene Polley lived in U.S,1,0.997,1
Marvin Camras invented the magnetic recording,1,0.6633,1
Spain is a name of a country,1,0.9997,1
Mazar-e Sharif has a population of approximately 469247,1,0.5742,1
Keren is a name of a country,0,0.0,0
There are no specific human uses for seagull,1,0.5741,1
Incheon is a city in South Korea,1,0.9991,1
Tiaong is a name of a country,0,0.0,0
Clyde Tombaugh lived in U.S,1,0.999,1
Kansas City is a city in United States,1,1.0,1
Guayaquil is a name of a city,1,0.9999,1
United States is a name of a country,1,0.9998,1
Fengcheng is a city in China,1,0.9999,1
Bujumbura has a population of approximately 185000,0,0.5953,1
Arsenic has the atomic number of 33,1,0.5638,1
Tajimi has a population of approximately 1156663,0,0.555,1
"Iberdrola is a holding company, which engages in the provision of insurance products and related services",0,0.1528,0
Vigo is a city in Spain,1,0.9885,1
China is a name of a country,1,0.9999,1
Baoshan is a city in China,1,0.9994,1
Xishan has a population of approximately 1060000,1,0.5486,1
Imperatriz is a name of a city,1,0.9995,1
The goldfish can recognize human faces and has a memory span of around three months,1,0.5467,1
Ribeirao das Neves is a city in Brazil,1,0.9995,1
Maimanah is a name of a country,0,0.0,0
Bromine is used in flame retardants and as a fumigant,1,0.5835,1
Sulfur is the second most abundant element in Earth's crust and is used in computer chips,0,0.0841,0
Sylhet is a name of a country,0,0.0,0
Neijiang is a name of a country,0,0.0,0
Bidar is a name of a city,1,1.0,1
Hafnium is used in nuclear control rods and high-temperature alloys,1,0.5584,1
Antimony is used in flame retardants and some semiconductors,1,0.5273,1
Charleston is a name of a country,0,0.0,0
Aizuwakamatsu is a city in Japan,1,0.9992,1
"Human uses for narwhal include research, conservation",1,0.5027,1
The pigeon has a habitat of urban/old-world habitats,1,0.5313,1
Rhodium is used in catalytic converters and as a plating for jewelry,1,0.0596,0
Freetown has a population of approximately 951000,1,0.5637,1
The cow is a mammal,1,0.9966,1
Honcho has a population of approximately 116477,1,0.584,1
Sertaozinho is a city in Brazil,1,0.9997,1
The platypus is a monotreme that lays eggs and has a duck-like bill with electroreceptors to locate prey,1,0.4119,0
Tencent Holdings has headquarters in China,1,0.983,1
Christian Huygens lived in Netherlands,1,0.9997,1
Adelaide is a city in United States,0,0.0269,0
Xiangtan has a population of approximately 2864800,1,0.5542,1
"Taiwan Semiconductor Manufacturing Company engages in the design, development, manufacture, and sale of fully electric vehicles, energy generation and storage systems",0,0.0329,0
Biysk is a city in Russia,1,0.9896,1
Yoshua Bengio lived in U.S,0,0.0014,0
Chengxiang has a population of approximately 709500,1,0.584,1
Seattle is a name of a city,1,1.0,1
Forli has a population of approximately 646277,0,0.5449,1
Broadcom operates in the industry of Capital Goods,0,0.0,0
SK Hynix has headquarters in South Korea,1,0.9999,1
Ferrara is a name of a country,0,0.0,0
Jose C. Paz is a name of a city,1,0.9991,1
General Trias is a city in Philippines,1,0.9955,1
Kovrov has a population of approximately 138552,1,0.5942,1
Butterworth is a name of a country,0,0.0,0
Yangsan is a name of a country,0,0.0,0
Mary Phelps Jacob lived in U.S,1,0.9997,1
United States is a name of a city,0,0.0,0
Lanthanum has the atomic number of 57,1,0.5388,1
VINCI has headquarters in South Korea,0,0.0003,0
United States is a name of a country,1,0.9998,1
Altay is a city in China,1,0.4808,1
Hadano is a name of a city,1,1.0,1
Benjamin Holt invented the Barbie doll,0,0.6042,1
"The seagull has permeable skin that can absorb water and respire oxygen, and changes color to blend with its environment",0,0.5191,1
Changzhi is a name of a country,0,0.0,0
Nippon Telegraph & Telephone engages in the provision of banking and financial services,0,0.2942,0
Al Ghardaqah has a population of approximately 3112559,0,0.5391,1
The snake has a habitat of forest/grassland,0,0.5339,1
Fangchenggang is a name of a city,1,1.0,1
India is a name of a city,0,0.0,0
Shell has headquarters in Netherlands,1,0.893,1
Gravity is the force that repels objects with mass away from each other,0,0.7726,1
Maoming is a city in Algeria,0,0.0014,0
Strasbourg is a city in Philippines,0,0.0083,0
Monywa is a city in Myanmar,1,0.6209,1
Lucena has a population of approximately 631555,0,0.5524,1
Montpellier is a city in France,1,1.0,1
Kota Bharu is a city in Colombia,0,1e-04,0
Angola is a name of a city,0,0.0,0
Frederick Walton invented the Liquid Paper,0,0.2508,0
Bhagalpur has a population of approximately 410210,1,0.5869,1
Yeosu is a name of a country,0,0.0,0
Gordon Gould lived in Canada,0,0.5823,1
Guatemala City has a population of approximately 2934841,1,0.6228,1
Mexico is a name of a country,1,0.9998,1
Gyor is a city in Hungary,1,0.9998,1
Yiyang is a city in Cuba,0,0.0875,0
Joseph Marie Jacquard lived in France,1,0.9998,1
Fayetteville is a city in United States,1,0.9999,1
Jilin has a population of approximately 2396000,1,0.5873,1
Cuba is a name of a city,0,0.0,0
Xuqiaocun is a name of a country,0,0.0,0
Souk Ahras has a population of approximately 155259,1,0.5588,1
Tesla engages in the manufacture and sale of automobiles and motorcycles,0,0.0017,0
South Sudan is a name of a city,0,0.0,0
Netherlands is a name of a city,0,0.0,0
Abbottabad is a name of a country,0,0.0,0
BHP Group has headquarters in Australia,1,0.99,1
Huaiyin is a city in China,1,0.9984,1
Baranavichy is a city in Belarus,1,0.9772,1
Kharkiv is a name of a country,0,0.0,0
Hikone is a city in Brazil,0,1e-04,0
Truist Financial operates in the industry of Banking,0,0.0,0
The human brain controls the body's functions,1,0.6221,1
Yakima has a population of approximately 133191,1,0.5895,1
China is a name of a city,0,0.0,0
Iran is a name of a city,0,0.0,0
Baton Rouge is a city in Japan,0,0.0,0
Lithium is essential for thyroid function and is used as a disinfectant,0,0.1286,0
The armadillo has a diet of herbivore,0,0.5272,1
Merced is a city in India,0,0.0057,0
Myrtle Beach has a population of approximately 181639,0,0.5611,1
Switzerland is a name of a country,1,1.0,1
Richard Leach Maddox lived in U.K,1,0.7787,1
Shreveport has a population of approximately 105414,0,0.5971,1
"Human uses for chimpanzee include research, conservation, entertainment",1,0.0721,0
Petropolis is a name of a city,1,0.9982,1
India is a name of a city,0,0.0,0
New Zealand is a name of a city,0,0.0,0
Columbus is a city in United States,1,0.9962,1
Sialkot City has a population of approximately 655852,1,0.657,1
Shantou is a name of a city,1,1.0,1
Osmium has the symbol Rn,0,0.0006,0
The polar bear has thick white fur for insulation and black skin to absorb heat,1,0.5238,1
Terbium appears in its standard state as Gas,0,0.0036,0
Pakpattan is a name of a country,0,0.0,0
Russia is a name of a city,0,0.0,0
United States is a name of a city,0,0.0,0
Palladium has the atomic number of 46,1,0.5432,1
Uzbekistan is a name of a country,1,0.9998,1
The cat uses running for locomotion,0,0.4495,1
Alchevsk is a name of a city,1,0.9999,1
The cassowary is a bird,1,0.9971,1
Canada is a name of a country,1,1.0,1
The Great Wall of China is the longest wall in the world,1,0.9844,1
Cerium has the symbol Ce,1,0.9928,1
Brazil is a name of a country,1,0.9999,1
Islamabad is a name of a country,0,0.0016,0
The tapir has a diet of herbivore,1,0.5357,1
George Town is a name of a city,1,0.9998,1
Ytterbium appears in its standard state as Solid,1,0.447,1
Mexico is a name of a city,0,0.0,0
Brno is a city in Czechia,1,0.9992,1
Rudnyy is a city in Iran,0,0.4498,1
Changsha has a population of approximately 8154700,1,0.609,1
Baltimore is a name of a city,1,1.0,1
László Bíró invented the ballpoint pen,1,0.8512,1
Mexico is a name of a city,0,0.0,0
The first successful human heart transplant was performed in 1967,1,0.6161,1
Delta is a name of a city,1,0.1679,0
Carl Elsener lived in Switzerland,1,0.9074,1
Chanda is a name of a city,1,0.999,1
Turkey is a name of a country,1,0.9995,1
Jos has a population of approximately 315351,0,0.5636,1
Lead has the symbol Na,0,0.0,0
Bismuth has the symbol Bi,1,0.9998,1
The Grand Canyon is located in Europe,0,0.0,0
Carapicuiba is a city in United Kingdom,0,0.0,0
Santana has a population of approximately 112218,1,0.6007,1
Brazil is a name of a city,0,0.0,0
AXA engages in providing online and mobile marketplaces in retail and wholesale trade,0,0.4192,0
The narwhal has a habitat of desert,0,0.0,0
Alleppey is a city in India,1,0.5037,1
Carl Wilhelm Siemens lived in Germany,1,0.9996,1
Lebanon is a name of a city,0,0.0007,0
China is a name of a country,1,0.9999,1
Indonesia is a name of a country,1,0.9998,1
Ukraine is a name of a country,1,0.9996,1
Yongzhou has a population of approximately 5452100,1,0.5667,1
Mata-Utu is a name of a country,0,0.0,0
Chemical reactions involve the conservation of atoms to maintain old substances,0,0.312,0
James Hargreaves invented the U.S,0,0.6593,1
Juazeiro is a name of a country,0,0.0,0
Narashino is a city in Japan,1,0.9912,1
Bikaner has a population of approximately 529007,1,0.5807,1
Mbabane has a population of approximately 94874,1,0.5477,1
Friction is the force that encourages motion between two surfaces in contact,0,0.8935,1
Lishui has a population of approximately 238400,1,0.578,1
Medenine is a name of a city,1,0.9999,1
Callao is a name of a city,1,1.0,1
Poly Developments & Holdings Group operates in the industry of construction,1,0.0179,0
Lancaster has a population of approximately 401524,1,0.5672,1
Kaiyuan is a city in Chile,0,0.2306,0
"Human uses for manta ray include tourism, research",1,0.5709,1
China is a name of a city,0,0.0,0
Iran is a name of a country,1,0.9996,1
Viamao has a population of approximately 239384,1,0.5842,1
Coral reefs are made of living organisms,1,0.0562,0
"The pH scale measures the sweetness or bitterness of a substance, ranging from 0 (most sweet) to 14 (most bitter), with 7 being neutral",0,0.921,1
Anthem engages in the provision of products and services that address all aspects of corporate information technology environments,0,0.1979,0
China is a name of a city,0,0.0,0
Samarinda has a population of approximately 753370,1,0.5703,1
Bhadreswar is a city in Tunisia,0,0.0024,0
Algeria is a name of a country,1,0.9999,1
Lanthanum is used in camera lenses and some batteries,1,0.2734,0
Dera Ismail Khan has a population of approximately 981738,0,0.5527,1
Phan Rang-Thap Cham has a population of approximately 105439,0,0.5716,1
Gisenyi is a name of a city,1,0.9999,1
Lubeck is a city in Germany,1,0.884,1
Brazil is a name of a country,1,0.9999,1
The scientific name for humans is Homo sapiens,1,0.9304,1
Mozambique is a name of a city,0,0.0,0
"The water cycle includes evaporation, condensation, precipitation, and runoff",1,0.5496,1
United States is a name of a city,0,0.0,0
Germany is a name of a city,0,0.0,0
Broken Arrow is a city in United States,1,0.9991,1
Noginsk is a name of a country,0,0.0,0
Chlorine is used as a disinfectant and in the production of PVC,1,0.0754,0
Timon is a city in Brazil,1,0.0351,0
Chongqing has a population of approximately 8261000,1,0.5778,1
San Rafael is a city in Argentina,1,0.5044,1
Karatsu has a population of approximately 561775,0,0.5603,1
Xishancun is a name of a country,0,0.0,0
Cigna Corporation engages in the provision of global health services,1,0.4659,1
Fukuoka is a city in Japan,1,0.9998,1
Iguacu is a city in China,0,0.0,0
Oakland is a name of a country,0,0.0,0
Pescara has a population of approximately 119217,1,0.6072,1
American Express operates in the industry of Consumer Durables,0,1.0,1
Bene Beraq is a name of a country,0,0.0,0
Iran is a name of a city,0,0.0,0
Vologda is a name of a country,0,0.0,0
Venezuela is a name of a city,0,0.0,0
Pietermaritzburg has a population of approximately 186960,0,0.5536,1
Gojra is a name of a country,0,0.0,0
Heyuan is a name of a country,0,0.0,0
Russia is a name of a city,0,0.0,0
United States is a name of a city,0,0.0,0
Cars need water to run,0,0.5273,1
Kazakhstan is a name of a country,1,0.9999,1
Salzgitter has a population of approximately 172424,0,0.6083,1
The crocodile has a diet of carnivore,0,0.6619,1
The tiger has distinctive orange and black stripes and is an apex predator,1,0.6764,1
The largest ocean in the world is the Pacific Ocean,1,0.9556,1
Chaedok is a city in Spain,0,0.0013,0
Budapest is a city in Hungary,1,1.0,1
Tampere has a population of approximately 225118,1,0.5703,1
Ichikawa has a population of approximately 1458038,0,0.5602,1
Zabol is a name of a country,0,0.0,0
Dahuk is a city in Iraq,1,0.9931,1
Araguaina has a population of approximately 150484,1,0.5603,1
Plovdiv is a name of a country,0,0.0,0
Angola is a name of a city,0,0.0,0
Pinar del Rio is a city in Philippines,0,0.4988,1
Suihua is a city in China,1,1.0,1
Atsugicho is a city in Venezuela,0,0.1351,0
Brazil is a name of a city,0,0.0,0
Germany is a name of a city,0,0.0,0
Rishon LeZiyyon is a name of a city,1,1.0,1
Inazawa is a name of a country,0,0.0,0
Nawabshah has a population of approximately 168393,0,0.5774,1
Suez has a population of approximately 516959,1,0.5715,1
Nador is a city in United States,0,0.3388,0
Tagum is a name of a city,1,1.0,1
United States is a name of a city,0,0.0,0
Frank Julian Sprague lived in U.S,1,1.0,1
Juazeiro do Norte has a population of approximately 108457,0,0.5562,1
Freiburg im Breisgau is a city in Indonesia,0,0.0003,0
Cagua is a city in Venezuela,1,0.8763,1
Inertia is an object's resistance to change in motion,1,0.6048,1
Nigeria is a name of a city,0,0.0,0
Sarasota is a name of a city,1,1.0,1
Selenium has the atomic number of 34,1,0.557,1
Penguins can fly,0,0.005,0
Cerium has the atomic number of 75,0,0.5517,1
The vulture has a habitat of grassland,0,0.5239,1
Ailan Mubage is a city in Zambia,0,0.8742,1
Lloyd Groff Copeman lived in U.S,1,0.9987,1
"Mitsubishi engages in the exploration, production, transportation and marketing of crude oil, bitumen, natural gas, natural gas liquids and liquefied natural gas on a worldwide basis",0,0.3627,0
Kosovo is a name of a country,1,0.9878,1
Gallium has the symbol Cs,0,1e-04,0
Frederick McKinley Jones invented the karaoke machine,0,0.2315,0
Fyzabad is a name of a city,1,1.0,1
Pleiku has a population of approximately 146073,1,0.5897,1
Jeddah has a population of approximately 3976000,1,0.5898,1
"PepsiCo engages in the provision of analytical instruments, equipment, reagents and consumables, software and services for research, analysis, discovery and diagnostics",0,0.1741,0
Beryllium is in the Actinide group,0,0.6644,1
Anaheim is a city in United States,1,0.9983,1
Orsha has a population of approximately 106505,1,0.5791,1
Turkey is a name of a city,0,0.0,0
Gagnoa has a population of approximately 471482,0,0.5789,1
Agricultural Bank of China has headquarters in Hong Kong,0,0.1423,0
Las Palmas is a name of a country,0,0.0,0
Gallium has a low melting point and is used in semiconductors and LEDs,1,0.5591,1
John Ericsson invented the U.S,1,0.3494,0
Indonesia is a name of a country,1,0.9998,1
Matsubara is a name of a city,1,0.9996,1
Malabo is a city in Equatorial Guinea,1,0.9727,1
Beian is a city in Japan,0,0.6207,1
The hedgehog is a mammal,1,0.9995,1
Maldives is a name of a country,1,0.9975,1
Tadpatri is a city in China,0,0.6727,1
Cameta is a city in Philippines,0,0.9377,1
Rui'an is a name of a city,1,1.0,1
Philippines is a name of a country,1,0.9992,1
Jupiter is mostly made of iron and oxygen,0,0.53,1
Lutetium is used to galvanize steel and is an essential trace element in living organisms,0,0.098,0
"The moose is the largest deer species and has broad, flat antlers that are shed and regrown annually",1,0.5551,1
Tarlac City has a population of approximately 385398,1,0.5742,1
Kaliningrad is a city in Russia,1,0.9998,1
Heze is a name of a country,0,0.0,0
China is a name of a city,0,0.0,0
Anheuser-Busch InBev operates in the industry of Insurance,0,0.0,0
Dadukou is a name of a country,0,0.0,0
Toulouse has a population of approximately 852000,0,0.5586,1
"Saudi Arabian Oil Company (Saudi Aramco) engages in the exploration, production, transportation, and sale of crude oil and natural gas",1,0.5626,1
Orebro has a population of approximately 126009,1,0.567,1
Dali is a name of a country,0,0.0,0
Protactinium is a radioactive element with no significant practical applications,1,0.4821,1
Gisenyi has a population of approximately 136830,1,0.5904,1
Tokyo has a population of approximately 133117,0,0.5698,1
Oxygen is essential for respiration,1,0.5895,1
Protactinium has the symbol Ir,0,1e-04,0
The horse has a diet of omnivore,0,0.4734,1
SAP operates in the industry of Oil & Gas Operations,0,0.0,0
